[
    { "name": "To Kill a Mockingbird", "author": "Harper Lee", "subject": "Fiction", "date": "19-09-1960" },
    { "name": "1984", "author": "George Orwell", "subject": "Science Fiction", "date": "15-06-1949" },
    { "name": "The Great Gatsby", "author": "F. Scott Fitzgerald", "subject": "Fiction", "date": "31-05-1925" },
    { "name": "The Catcher in the Rye", "author": "J.D. Salinger", "subject": "Fiction", "date": "17-09-1951" },
    { "name": "Brave New World", "author": "Aldous Huxley", "subject": "Science Fiction", "date": "24-12-1932" },
    { "name": "Pride and Prejudice", "author": "Jane Austen", "subject": "Romance", "date": "27-08-1813" },
    { "name": "The Hobbit", "author": "J.R.R. Tolkien", "subject": "Fantasy", "date": "11-06-1937" },
    { "name": "The Lord of the Rings", "author": "J.R.R. Tolkien", "subject": "Fantasy", "date": "-16-04-1954" },
    { "name": "Harry Potter and the Philosopher's Stone", "author": "J.K. Rowling", "subject": "Fantasy", "date": "09-09-1997" },
    { "name": "The Hunger Games", "author": "Suzanne Collins", "subject": "Science Fiction", "date": "16-10-2008" },
    { "name": "To All the Boys I've Loved Before", "author": "Jenny Han", "subject": "Romance", "date": "15-07-2014" },
    { "name": "The Fault in Our Stars", "author": "John Green", "subject": "Romance", "date": "20-09-2012" },
    { "name": "The Da Vinci Code", "author": "Dan Brown", "subject": "Mystery", "date": "31-12-2003" },
    { "name": "The Girl with the Dragon Tattoo", "author": "Stieg Larsson", "subject": "Mystery", "date": "01-01-2005" },
    { "name": "The Hitchhiker's Guide to the Galaxy", "author": "Douglas Adams", "subject": "Science Fiction", "date": "06-05-1979" }
]